{
  "properties": {
    "connectionReferences": {
      "shared_commondataserviceforapps": {
        "runtimeSource": "embedded",
        "connection": {
          "connectionReferenceLogicalName": "kr_sharedcommondataserviceforapps_526b6"
        },
        "api": {
          "name": "shared_commondataserviceforapps"
        }
      },
      "shared_onedriveforbusiness": {
        "runtimeSource": "invoker",
        "connection": {
          "connectionReferenceLogicalName": "new_sharedonedriveforbusiness_a682c"
        },
        "api": {
          "name": "shared_onedriveforbusiness"
        }
      }
    },
    "definition": {
      "$schema": "https://schema.management.azure.com/providers/Microsoft.Logic/schemas/2016-06-01/workflowdefinition.json#",
      "contentVersion": "1.0.0.0",
      "parameters": {
        "$connections": {
          "defaultValue": {},
          "type": "Object"
        },
        "$authentication": {
          "defaultValue": {},
          "type": "SecureObject"
        }
      },
      "triggers": {
        "manual": {
          "metadata": {
            "operationMetadataId": "797c76b0-4aa8-4149-a0c9-232e00f47747"
          },
          "type": "Request",
          "kind": "Button",
          "inputs": {
            "schema": {
              "type": "object",
              "properties": {},
              "required": []
            }
          }
        }
      },
      "actions": {
        "Add_a_new_Data_Import": {
          "runAfter": {
            "Initialize_variable_TransformCompleted": [
              "Succeeded"
            ]
          },
          "metadata": {
            "operationMetadataId": "c09d3864-707a-4ce4-a6c3-fce2de176d09"
          },
          "type": "OpenApiConnection",
          "inputs": {
            "host": {
              "connectionName": "shared_commondataserviceforapps",
              "operationId": "CreateRecord",
              "apiId": "/providers/Microsoft.PowerApps/apis/shared_commondataserviceforapps"
            },
            "parameters": {
              "entityName": "imports",
              "item/isimport": true,
              "item/modecode": 0,
              "item/sendnotification": false,
              "item/name": "Data Imports - @{rand(10000,50000)}"
            },
            "authentication": {
              "type": "Raw",
              "value": "@json(decodeBase64(triggerOutputs().headers['X-MS-APIM-Tokens']))['$ConnectionKey']"
            }
          }
        },
        "Add_a_new_Import_File": {
          "runAfter": {
            "Add_a_new_Data_Import": [
              "Succeeded"
            ]
          },
          "metadata": {
            "operationMetadataId": "0d070ded-3520-4b20-a4b6-b7c25ba1a9d9"
          },
          "type": "OpenApiConnection",
          "inputs": {
            "host": {
              "connectionName": "shared_commondataserviceforapps",
              "operationId": "CreateRecord",
              "apiId": "/providers/Microsoft.PowerApps/apis/shared_commondataserviceforapps"
            },
            "parameters": {
              "entityName": "importfiles",
              "item/content": "@outputs('File_Content')",
              "item/datadelimitercode": 1,
              "item/fielddelimitercode": 2,
              "item/filetypecode": 0,
              "item/importid@odata.bind": "imports(@{outputs('Add_a_new_Data_Import')?['body/importid']})",
              "item/isfirstrowheader": true,
              "item/processcode": 1,
              "item/usesystemmap": false,
              "item/importmapid@odata.bind": "importmaps(e8c5ed22-8dec-45ca-b081-21fc5e5faf84)",
              "item/enableduplicatedetection": false,
              "item/name": "Imports - @{rand(100000,500000)}",
              "item/size": "197",
              "item/source": "@outputs('FileName')",
              "item/sourceentityname": "Fundraiser-Import-Dump",
              "item/targetentityname": "sample_fundraiser"
            },
            "authentication": {
              "type": "Raw",
              "value": "@json(decodeBase64(triggerOutputs().headers['X-MS-APIM-Tokens']))['$ConnectionKey']"
            }
          }
        },
        "Perform_a_bound_action": {
          "runAfter": {
            "Add_a_new_Import_File": [
              "Succeeded"
            ]
          },
          "metadata": {
            "operationMetadataId": "66af10a7-f99c-4282-b0aa-3ae1e3212fd8"
          },
          "type": "OpenApiConnection",
          "inputs": {
            "host": {
              "connectionName": "shared_commondataserviceforapps",
              "operationId": "PerformBoundAction",
              "apiId": "/providers/Microsoft.PowerApps/apis/shared_commondataserviceforapps"
            },
            "parameters": {
              "entityName": "imports",
              "actionName": "Microsoft.Dynamics.CRM.ParseImport",
              "recordId": "@outputs('Add_a_new_Data_Import')?['body/importid']"
            },
            "authentication": {
              "type": "Raw",
              "value": "@json(decodeBase64(triggerOutputs().headers['X-MS-APIM-Tokens']))['$ConnectionKey']"
            }
          }
        },
        "Get_file_content": {
          "runAfter": {},
          "metadata": {
            "b!QDo1Eu3JJEqHf3d5h9nGUhJ7y-eZ7PpBmoz4ZuBH2sAKjIo1P9oQRbFl6Y_M1_7q.016R4FYZBA56WTQJM5FFBIYBS7VCWF74TR": "/Fundraiser-Import-Dump.csv",
            "operationMetadataId": "8974aad4-7a8b-4645-9e9e-e7c58ebdbf62"
          },
          "type": "OpenApiConnection",
          "inputs": {
            "host": {
              "connectionName": "shared_onedriveforbusiness",
              "operationId": "GetFileContent",
              "apiId": "/providers/Microsoft.PowerApps/apis/shared_onedriveforbusiness"
            },
            "parameters": {
              "id": "b!QDo1Eu3JJEqHf3d5h9nGUhJ7y-eZ7PpBmoz4ZuBH2sAKjIo1P9oQRbFl6Y_M1_7q.016R4FYZBA56WTQJM5FFBIYBS7VCWF74TR",
              "inferContentType": true
            },
            "authentication": {
              "type": "Raw",
              "value": "@json(decodeBase64(triggerOutputs().headers['X-MS-APIM-Tokens']))['$ConnectionKey']"
            }
          }
        },
        "File_Content": {
          "runAfter": {
            "FileName": [
              "Succeeded"
            ]
          },
          "metadata": {
            "operationMetadataId": "cd379b5d-bbda-42ca-bd6f-8594c9430220"
          },
          "type": "Compose",
          "inputs": "@body('Get_file_content')"
        },
        "FileName": {
          "runAfter": {
            "Get_file_content": [
              "Succeeded"
            ]
          },
          "metadata": {
            "operationMetadataId": "2457a901-b708-4e5f-9e08-13c2830d1bc7"
          },
          "type": "Compose",
          "inputs": "Fundraiser-Import-Dump.csv"
        },
        "Initialize_variable_ParseCompleted": {
          "runAfter": {
            "File_Content": [
              "Succeeded"
            ]
          },
          "metadata": {
            "operationMetadataId": "082e0b30-ca01-4f8c-8e3c-600ccc94c38f"
          },
          "type": "InitializeVariable",
          "inputs": {
            "variables": [
              {
                "name": "ParseCompleted",
                "type": "boolean",
                "value": "@false"
              }
            ]
          }
        },
        "Do_until_Parse_complete": {
          "actions": {
            "Check_the_import_file_status": {
              "runAfter": {},
              "metadata": {
                "operationMetadataId": "8dae9258-9dcb-4af3-a23e-887ec6128cff"
              },
              "type": "OpenApiConnection",
              "inputs": {
                "host": {
                  "connectionName": "shared_commondataserviceforapps",
                  "operationId": "GetItem",
                  "apiId": "/providers/Microsoft.PowerApps/apis/shared_commondataserviceforapps"
                },
                "parameters": {
                  "entityName": "importfiles",
                  "recordId": "@outputs('Add_a_new_Import_File')?['body/importfileid']",
                  "$select": "_importid_value,processingstatus,statecode,statuscode"
                },
                "authentication": {
                  "type": "Raw",
                  "value": "@json(decodeBase64(triggerOutputs().headers['X-MS-APIM-Tokens']))['$ConnectionKey']"
                }
              }
            },
            "Condition": {
              "actions": {
                "Set_Parsing_as_completed": {
                  "runAfter": {},
                  "metadata": {
                    "operationMetadataId": "af65f8a6-f2ba-4374-9fe4-6ce5807ee0aa"
                  },
                  "type": "SetVariable",
                  "inputs": {
                    "name": "ParseCompleted",
                    "value": "@true"
                  }
                }
              },
              "runAfter": {
                "Check_the_import_file_status": [
                  "Succeeded"
                ]
              },
              "else": {
                "actions": {
                  "Delay": {
                    "runAfter": {},
                    "metadata": {
                      "operationMetadataId": "b01347cb-e2e5-4f4a-bd05-a093aa895cec"
                    },
                    "type": "Wait",
                    "inputs": {
                      "interval": {
                        "count": 20,
                        "unit": "Second"
                      }
                    }
                  }
                }
              },
              "expression": {
                "equals": [
                  "@outputs('Check_the_import_file_status')?['body/processingstatus']",
                  3
                ]
              },
              "metadata": {
                "operationMetadataId": "2512af91-0f32-48dd-b904-d780ff6a29fb"
              },
              "type": "If"
            }
          },
          "runAfter": {
            "Perform_a_bound_action": [
              "Succeeded"
            ]
          },
          "expression": "@equals(variables('ParseCompleted'), true)",
          "limit": {
            "count": 60,
            "timeout": "PT1H"
          },
          "metadata": {
            "operationMetadataId": "b36f4bdc-72c1-4155-a073-23dca378e9b2"
          },
          "type": "Until"
        },
        "Initialize_variable_TransformCompleted": {
          "runAfter": {
            "Initialize_variable_ParseCompleted": [
              "Succeeded"
            ]
          },
          "metadata": {
            "operationMetadataId": "38e3c79e-5022-4ed4-befa-1a9e2a357461"
          },
          "type": "InitializeVariable",
          "inputs": {
            "variables": [
              {
                "name": "TransformCompleted",
                "type": "boolean",
                "value": "@false"
              }
            ]
          }
        },
        "Do_until_transform_complete": {
          "actions": {
            "Check_the_import_file_status_for_transform": {
              "runAfter": {},
              "metadata": {
                "operationMetadataId": "3eb27963-ddf1-43d7-9ac4-59421752115e"
              },
              "type": "OpenApiConnection",
              "inputs": {
                "host": {
                  "connectionName": "shared_commondataserviceforapps",
                  "operationId": "GetItem",
                  "apiId": "/providers/Microsoft.PowerApps/apis/shared_commondataserviceforapps"
                },
                "parameters": {
                  "entityName": "importfiles",
                  "recordId": "@outputs('Add_a_new_Import_File')?['body/importfileid']",
                  "$select": "_importid_value,processingstatus,statecode,statuscode"
                },
                "authentication": {
                  "type": "Raw",
                  "value": "@json(decodeBase64(triggerOutputs().headers['X-MS-APIM-Tokens']))['$ConnectionKey']"
                }
              }
            },
            "Condition_2": {
              "actions": {
                "Set_variable_transform_is_completed": {
                  "runAfter": {},
                  "metadata": {
                    "operationMetadataId": "b0201582-733b-4339-8eea-36f0aaefa692"
                  },
                  "type": "SetVariable",
                  "inputs": {
                    "name": "TransformCompleted",
                    "value": "@true"
                  }
                }
              },
              "runAfter": {
                "Check_the_import_file_status_for_transform": [
                  "Succeeded"
                ]
              },
              "else": {
                "actions": {
                  "Delay_4": {
                    "runAfter": {},
                    "metadata": {
                      "operationMetadataId": "efddf441-f5bd-440c-acc6-2003a5d10f30"
                    },
                    "type": "Wait",
                    "inputs": {
                      "interval": {
                        "count": 20,
                        "unit": "Second"
                      }
                    }
                  }
                }
              },
              "expression": {
                "equals": [
                  "@outputs('Check_the_import_file_status_for_transform')?['body/processingstatus']",
                  9
                ]
              },
              "metadata": {
                "operationMetadataId": "add23fcb-8757-45e6-8046-b3a427855e24"
              },
              "type": "If"
            }
          },
          "runAfter": {
            "Perform_transform": [
              "Succeeded"
            ]
          },
          "expression": "@equals(variables('TransformCompleted'), true)",
          "limit": {
            "count": 60,
            "timeout": "PT1H"
          },
          "metadata": {
            "operationMetadataId": "ec92e6d4-ff87-4cae-93a7-697097f08e70"
          },
          "type": "Until"
        },
        "Perform_then_import": {
          "runAfter": {
            "Do_until_transform_complete": [
              "Succeeded"
            ]
          },
          "metadata": {
            "operationMetadataId": "e52420b5-b7ee-473b-9ec2-463ff95b479a"
          },
          "type": "OpenApiConnection",
          "inputs": {
            "host": {
              "connectionName": "shared_commondataserviceforapps",
              "operationId": "PerformBoundAction",
              "apiId": "/providers/Microsoft.PowerApps/apis/shared_commondataserviceforapps"
            },
            "parameters": {
              "entityName": "imports",
              "actionName": "Microsoft.Dynamics.CRM.ImportRecordsImport",
              "recordId": "@outputs('Add_a_new_Data_Import')?['body/importid']"
            },
            "authentication": {
              "type": "Raw",
              "value": "@json(decodeBase64(triggerOutputs().headers['X-MS-APIM-Tokens']))['$ConnectionKey']"
            }
          }
        },
        "Perform_transform": {
          "runAfter": {
            "Do_until_Parse_complete": [
              "Succeeded"
            ]
          },
          "metadata": {
            "operationMetadataId": "0627bb3d-0864-4ad2-9e88-7ab41904a8ce"
          },
          "type": "OpenApiConnection",
          "inputs": {
            "host": {
              "connectionName": "shared_commondataserviceforapps",
              "operationId": "PerformUnboundAction",
              "apiId": "/providers/Microsoft.PowerApps/apis/shared_commondataserviceforapps"
            },
            "parameters": {
              "actionName": "TransformImport",
              "item/ImportId": "@outputs('Add_a_new_Data_Import')?['body/importid']"
            },
            "authentication": {
              "type": "Raw",
              "value": "@json(decodeBase64(triggerOutputs().headers['X-MS-APIM-Tokens']))['$ConnectionKey']"
            }
          }
        }
      }
    },
    "templateName": ""
  },
  "schemaVersion": "1.0.0.0"
}